{
    "avg_prec": {
        "train": 1.0000000000000002,
        "test": 0.7913528951989747
    },
    "roc_auc": {
        "train": 1.0,
        "test": 0.9416565656565657
    }
}
